query,query_language,doc_id,doc_title,doc_snippet,relevant,annotator
education system,en,https://www.dhakatribune.com/bangladesh/education/400598/online-applications-for-mpo-enlistment-open-till,Online applications for MPO enlistment open till Jan 25,The Ministry of Education has issued a public notice inviting online applications for enlistment of non-government schools and colleges under the Mont,Yes,Nuh
education system,en,https://www.thedailystar.net/news/minimum-standard-of-edn-a-must-for-mpo-farruk,Minimum standard of edn a must for MPO: Farruk,"Education Minister Dr. Osman Farruk yesterday said Monthly Pay Order (MPO) and government grants to educational institutions must not be a ""permanent ",Yes,Nuh
education system,en,https://www.newagebd.net/post/politics/279309/no-edn-reform-commission-reflects-neglect-bnp,No edn reform commission reflects neglect: BNP,"Bangladesh Nationalist Party leader Abdul Moyeen Khan alleged that despite many reform commissions were formed in other sectors post uprising, none wa",Yes,Nuh
education system,en,https://www.newagebd.net/post/education/284091/disasters-disrupt-education,Disasters disrupt education,Different natural and human-made disasters are adversely affecting the country’s education sector by lowering quality of education and damaging infras,Yes,Nuh
education system,en,https://www.thedailystar.net/news/education-policy-2o1o-keeping-the-promise,Education policy 2O1O: Keeping the promise,A new National Education Policy was announced by the government in June 2010. It had the potential of initiating a process of much needed reform in th,Yes,Nuh
education system,en,https://www.tbsnews.net/features/pursuit/ai-will-soon-force-bangladesh-rethink-how-students-learn-1283131,AI will soon force Bangladesh to rethink how students learn,"Imagine a dedicated science teacher in a classroom in Dhaka, posing a thoughtful question to his students. ""Think about this overnight,"" he says. ""Who",Yes,Nuh
education system,en,https://www.dhakatribune.com/entertainment/387398/202507251905,AI-powered international English learning app ‘ELSA Speak’ officially launches in Bangladesh,"Language is not just a tool for communication—it is a powerful means of building confidence. Whether it's applying for jobs, studying abroad, attendin",Yes,Nuh
education system,en,https://www.tbsnews.net/bangladesh/education/no-final-exams-class-3-2021,No final exams up to class 3 from 2021,"Students of classes 1, 2 and 3 will not be required to take annual examinations from 2021, but their evaluation will continue round the year, said Akr",Yes,Nuh
education system,en,https://www.newagebd.net/post/campus-bites/279994/aaub-holds-18th-syndicate-meeting,AAUB holds 18th syndicate meeting,"The Aviation and Aerospace University, Bangladesh held its 18th syndicate meeting at the conference room of AAUB in Lalmonirhat on Thursday. AAUB vice",Yes,Nuh
education system,en,https://www.newagebd.net/post/editorial/277422/showpiece-signals-reflect-dhakas-habit-of-superficial-fixes,Showpiece signals reflect Dhaka’s habit of superficial fixes,THE failure of automation attempts in Dhaka’s traffic management is both worrying and symptomatic of a broader inertia in urban governance. Despite re,Yes,Nuh
education system,en,https://www.prothomalo.com/bangladesh/v78p0s8278,শিক্ষার মানোন্নয়নে শাসকশ্রেণির ভূমিকা নেই: অধ্যাপক রেহমান সোবহান,"সবার জন্য মানসম্মত শিক্ষা নিশ্চিত করতে বা শিক্ষার মানোন্নয়নে শাসকশ্রেণির কোনো ভূমিকা দেখছেন না অধ্যাপক রেহমান সোবহান। তিনি বলেন, যাঁরা শাসকশ্রেণির অন্",Yes,Nuh
education system,en,https://www.prothomalo.com/bangladesh/district/rkz6zecazs,এলাকাটি যেন ‘শিক্ষার হাট’,পবনাপুর ইউনিয়নে সরকারি-বেসরকারি ৪০টি শিক্ষাপ্রতিষ্ঠান রয়েছে। এর মধ্যে ১৩টিই ফকিরহাট এলাকায়। দুই কিলোমিটার দূরত্বের মধ্যে গড়ে উঠেছে ১৩টি শিক্ষাপ্রতিষ্ঠ,Yes,Nuh
education system,en,https://www.prothomalo.com/bangladesh/district/ch4my2e972,‘ছেলে আমাকে সেরা মায়ের সম্মান দিয়ে গেল’,"‘আমার তো অনেক আশা ছিল। আমার ছেলে পড়ালেখা করে অ্যাওয়ার্ড নিয়ে আসবে। আমি সেরা মা হব। সে ইচ্ছা যে এভাবে ফলে যাবে, তা কে জানত। আমার বাবা যে এত বড় অ্যাওয়ার",No,Nuh
education system,en,https://www.dhakapost.com/politics/399912,"নৈতিকতাহীন শিক্ষাব্যবস্থা পশু তৈরি করছে, মানুষ নয়","দেশের শিক্ষাব্যবস্থা নিয়ে প্রশ্ন তুলে বাংলাদেশ জামায়াতে ইসলামীর সেক্রেটারি জেনারেল অধ্যাপক মিয়া গোলাম পরওয়ার বলেছেন, শুধু সেক্যুলার শিক্ষা মানুষকে নৈত",Yes,Nuh
education system,en,https://www.prothomalo.com/bangladesh/শিক্ষাপ্রতিষ্ঠান-ধ্বংসকারীরা-সভ্যতার-শত্রু,শিক্ষাপ্রতিষ্ঠান ধ্বংসকারীরা সভ্যতার শত্রু: শিক্ষামন্ত্রী,নির্বাচন প্রতিরোধের নামে পেট্রল ও গান পাউডার দিয়ে স্কুল-কলেজ-মাদ্রাসা পুড়িয়ে দেওয়ায় তীব্র ক্ষোভ প্রকাশ করেছেন শিক্ষামন্ত্রী নুরুল ইসলাম নাহিদ।আজ শনিবা,Yes,Nuh
education system,en,https://www.newagebd.net/post/education/277395/durga-puja-holiday-starts-for-edn-instts-today,Durga Puja holiday starts for edn instts today,"A long holiday marking Durga Puja, the largest religious festival of the Hindu community, starts today at all educational institutions, from primary t",Yes,Nuh
education system,en,https://www.bd-pratidin.com/entertainment/2026/02/03/1212680,টিএসসিতে ‘আমার ভাষার চলচ্চিত্র’ উৎসব শুরু আজ,ভাষা আন্দোলনের চেতনাকে সামনে রেখে ঢাকা বিশ্ববিদ্যালয়ের ছাত্র-শিক্ষক কেন্দ্র (টিএসসি)-তে আজ ৩ ফেব্রুয়ারি শুরু হচ্ছে ছয় দিনব্যাপী চলচ্চিত্র উৎসব ‘আমার ভ,Yes,Nuh
education system,en,https://www.prothomalo.com/opinion/editorial/1ti0nes1s6,৯৯১টি শূন্য পদ থাকাটা হতাশাজনক,"পার্বত্য চট্টগ্রামে শিক্ষা ও স্বাস্থ্যসেবার ঘাটতির বিষয়টি কারও অজানা নয়। শিক্ষার ক্ষেত্রে এ বাস্তবতার প্রকাশ ঘটে, যখন আমরা জানতে পারি, রাঙামাটি জেলায় ",Yes,Nuh
education system,en,https://www.dhakatribune.com/feature/261452/dipu-moni-no-closure-of-schools-unless-necessary,Dipu Moni: No closure of schools unless necessary,"The government does not want to close down education institutions, Education Minister Dipu Moni has said.

“The educational institutes had to be close",Yes,Nuh
education system,en,https://www.prothomalo.com/bangladesh/district/npt8pzeoa3,বিনা মূল্যে বই বিতরণে বাংলাদেশ অনন্য দৃষ্টান্ত স্থাপন করেছে: শিক্ষামন্ত্রী,"শিক্ষামন্ত্রী দীপু মনি বলেছেন, সারা দেশে আজ বই উৎসব হয়েছে। সারা পৃথিবীতে বাংলাদেশ অনন্য দৃষ্টান্ত স্থাপন করেছে, যেখানে বছরের প্রথম দিন বই উৎসব হয় এব",Yes,Nuh
education system,en,https://www.newagebd.net/post/campus-bites/277771/it-education-essential-for-students-nu-vc,IT education essential for students: NU VC,Vice-chancellor of the National University Professor ASM Amanullah at a workshop in Dhaka on Tuesday said that to survive in the competition for emplo,Yes,Nuh
education system,en,https://www.dhakatribune.com/feature/263992/educational-institutes-to-reopen-on-feb-22,Educational institutes to reopen on Feb 22,"In-person classes at school and colleges for fully vaccinated students across the country will restart from February 22, Education Minister Dipu Moni ",Yes,Nuh
education system,en,https://www.newagebd.net/post/banking/282810/aib-launches-training-on-ababil-ng-core-banking-system,AIB launches training on Ababil NG core banking system,Al-Arafah Islami Bank took initiative to transform into a modern ‘Ababil NG (Next Generation)’ core banking system through its internal Project Nebula,Yes,Nuh
education system,en,https://www.tbsnews.net/economy/agriculture/marketing-system-needs-reform-farmers-wellbeing-experts-104938,Marketing system needs reform for farmers’ wellbeing: Experts,"Farmers of the country cannot be benefited under the conventional agricultural marketing system here, according to experts. It is necessary to devise ",No,Nuh
education system,en,https://www.dhakatribune.com/epaper/312464/the-astounding-triumph-of-tobacco-harm-reduction,The astounding triumph of tobacco harm reduction in Sweden,"If there were any lingering doubts about the effectiveness of Tobacco Harm Reduction (THR) policies in ushering a country into a smoke-free era, Swede",No,Nuh
education system,en,https://www.newagebd.net/post/opinion/277021/rights-to-education-and-health,Rights to education and health,"Globally, it is recognised that ‘educating children’ gives the next generation the most effective tools to fight poverty, prevent diseases, build resi",Yes,Nuh
education system,en,https://dailynewnation.com/integrated-approach-needed-to-address-challenges-in-higher-education-dr-abrar,Integrated approach needed to address challenges in higher education: Dr Abrar,Education Adviser Prof Dr. Chowdhury Rafiqul Abrar stressed on integrated approach to address the existing challenges in the country’s higher educatio,Yes,Nuh
education system,en,https://www.dhakatribune.com/feature/career/400917/202601121601,"Meet Mahmood Moosa Syed, the entrepreneur simplifying international education for Bangladeshi students","As international education continues to attract thousands of Bangladeshi students each year, the demand for transparent, ethical, and reliable guidanc",Yes,Nuh
education system,en,https://www.dhakatribune.com/epaper/312465/experts-tobacco-harm-reduction-framework,Experts: Tobacco Harm Reduction framework necessary to achieve PM’s smoke-free vision by 2040,"International health experts speaking at a harm reduction summit held today, discussed the need to regulate less harmful alternatives of nicotine deli",Yes,Nuh
education system,en,https://dailynewnation.com/ssc-exam-2026-form-filling-notice-published,SSC exam 2026 form filling notice published,The Dhaka Education Board published a notification for filling the form for the Secondary School Certificate (SSC) examination of 2026.The process of,Yes,Nuh
education system,en,https://www.dhakatribune.com/feature/388315/how-digital-communication-is-redefining,How digital communication is redefining school-parent communication,"Two parties play the most instrumental role in a child’s learning journey at school: the parents and the school authorities, particularly the teachers",Yes,Nuh
education system,en,https://www.dhakatribune.com/bangladesh/400922/bangladesh-to-launch-%E2%80%98mun-alert%E2%80%99-system-toll-free,"Bangladesh to launch ‘MUN Alert’ system, toll-free helpline 13219 to rescue missing children",Bangladesh is set to introduce its first national emergency alert system—Missing Urgent Notification (MUN Alert)—to speed up the rescue of missing and,No,Nuh
শিক্ষা,bn,https://www.bd-pratidin.com/national/2026/01/18/1206302,মাউশি ভেঙে দুই অধিদফতরের কাঠামো গঠনে কমিটি,মাধ্যমিক ও উচ্চ শিক্ষা অধিদফতর (মাউশি) ভেঙে দুই ভাগ করার চূড়ান্ত সিদ্ধান্ত নেওয়া হয়েছে। রবিবার শিক্ষা মন্ত্রণালয়ের সভাকক্ষে আন্তঃমন্ত্রণালয়ের এক সভায়,Yes,Nuh
শিক্ষা,bn,https://www.bd-pratidin.com/national/2026/01/26/1209508,শিক্ষাপ্রতিষ্ঠানের ১০০ মিটারের মধ্যে তামাকজাত পণ্য বিক্রি নিষিদ্ধ,দেশের সকল শিক্ষা প্রতিষ্ঠান ও সংশ্লিষ্ট অফিসগুলোতে অসংক্রামক রোগ প্রতিরোধ এবং তামাকমুক্ত পরিবেশ নিশ্চিত করতে কঠোর নির্দেশনা জারি করেছে সরকার। মাধ্যমিক,Yes,Nuh
শিক্ষা,bn,https://www.banglatribune.com/country/60507/%E0%A6%9A%E0%A6%B0%E0%A6%AB%E0%A7%8D%E0%A6%AF%E0%A6%BE%E0%A6%B6%E0%A6%A8%E0%A7%87-%E0%A6%AA%E0%A6%BF%E0%A6%8F%E0%A6%B8%E0%A6%B8%E0%A6%BF-%E0%A6%AA%E0%A6%B0%E0%A7%80%E0%A6%95%E0%A7%8D%E0%A6%B7%E0%A6%BE%E0%A6%B0-%E0%A6%89%E0%A6%A4%E0%A7%8D%E0%A6%A4%E0%A6%B0%E0%A6%AA%E0%A6%A4%E0%A7%8D%E0%A6%B0-%E0%A6%A8%E0%A6%BF%E0%A7%9F%E0%A7%87-%E0%A6%A8%E0%A6%BE%E0%A6%A8%E0%A6%BE,চরফ্যাশনে পিএসসি পরীক্ষার উত্তরপত্র নিয়ে নানা অভিযোগ,ভোলার চরফ্যাশনে প্রাথমিক বিদ্যালয়ের সমাপনী (পিএসসি) পরীক্ষার উত্তরপত্রে গত বছরের মত এবারও কোড ত্রুটিসহ নানা ধরনের ঘাপলার অভিযোগ উঠেছে। লাখ লাখ টাকা হা,Yes,Nuh
শিক্ষা,bn,https://www.dhakapost.com/education/416625,"মাদ্রাসায় চালু হচ্ছে ‘ব্যবসায় শিক্ষা’, অনুমোদন পেতে শর্ত প্রযোজ্য",বাংলাদেশের মাদ্রাসা শিক্ষাব্যবস্থায় প্রথমবারের মতো দাখিল (এসএসসি সমমান) স্তরে ব্যবসায় শিক্ষা বিভাগ চালু হতে যাচ্ছে। আগামী শিক্ষাবর্ষ থেকেই দেশব্যাপী,Yes,Nuh
শিক্ষা,bn,https://www.bd-pratidin.com/national/2026/01/16/1205348,উচ্চতর ডিগ্রিধারী শিক্ষা ক্যাডার কর্মকর্তাদের গবেষণার তথ্য উপস্থাপনের নির্দেশ,"বিসিএস সাধারণ শিক্ষা ক্যাডারের যেসব কর্মকর্তা গত এক বছরের মধ্যে পিএইচডি, এমফিল বা এমএস ডিগ্রি সম্পন্ন করেছেন, তাদের গবেষণার সারসংক্ষেপ শিক্ষা মন্ত্রণা",Yes,Nuh
শিক্ষা,bn,https://www.bd-pratidin.com/national/2026/01/18/1206256,‘হ্যাঁ’ ভোট দিতে সব শিক্ষা প্রতিষ্ঠানে প্রচারণা চালানোর সিদ্ধান্ত,"আসন্ন গণভোটে শিক্ষার্থীদের ‘হ্যাঁ’ ভোট দিতে উদ্বুদ্ধ করতে দেশের সব বিশ্ববিদ্যালয়, কলেজ, স্কুল ও মাদরাসা পর্যায়ে প্রচারণা চালানো হবে। প্রচারণার অংশ হিস",Yes,Nuh
শিক্ষা,bn,https://www.dhakapost.com/politics/400252,শিক্ষকদের জন্য কমিশন গঠন করবে বিএনপি : তারেক রহমান,"শিক্ষকদের আর্থিক নিরাপত্তা, চাকরির স্থায়ীকরণ ও সম্মানজনক অবস্থান নিশ্চিত করতে উচ্চপর্যায়ের কমিশন গঠনের ঘোষণা দিয়েছেন বিএনপির ভারপ্রাপ্ত চেয়ারম্যান",Yes,Nuh
শিক্ষা,bn,https://www.banglatribune.com/sport/other-sports/64891/%E0%A6%B9%E0%A6%BE%E0%A6%AA%E0%A6%BE-%E0%A6%9C%E0%A6%BE%E0%A6%A4%E0%A7%80%E0%A7%9F-%E0%A6%AC%E0%A7%87%E0%A6%B8%E0%A6%AC%E0%A6%B2%E0%A7%87-%E0%A6%9A%E0%A7%8D%E0%A6%AF%E0%A6%BE%E0%A6%AE%E0%A7%8D%E0%A6%AA%E0%A6%BF%E0%A7%9F%E0%A6%A8-%E0%A6%B8%E0%A6%BF%E0%A6%B0%E0%A6%BE%E0%A6%9C%E0%A6%97%E0%A6%9E%E0%A7%8D%E0%A6%9C-%E0%A6%95%E0%A7%8D%E0%A6%B0%E0%A7%80%E0%A7%9C%E0%A6%BE,হাপা জাতীয় বেসবলে চ্যাম্পিয়ন সিরাজগঞ্জ ক্রীড়া শিক্ষা প্রতিষ্ঠান,বাংলাদেশ বেসবল-সফটবল এসোসিয়েশনের ব্যবস্থাপনায় হাপা জাতীয় বেসবলের শিরোপা জিতেছে সিরাজগঞ্জ ক্রীড়া শিক্ষা প্রতিষ্ঠান (এসকেএসপি)।রবিবার বিকেলে পল্টন মাঠে,No,Nuh
শিক্ষা,bn,https://www.banglatribune.com/educations/65979/%E0%A6%87%E0%A6%89%E0%A6%9C%E0%A6%BF%E0%A6%B8%E0%A6%BF%E0%A6%B0-%E0%A6%A8%E0%A6%A4%E0%A7%81%E0%A6%A8-%E0%A6%93%E0%A7%9F%E0%A7%87%E0%A6%AC%E0%A6%B8%E0%A6%BE%E0%A6%87%E0%A6%9F-%E0%A6%89%E0%A6%A6%E0%A7%8D%E0%A6%AC%E0%A7%8B%E0%A6%A7%E0%A6%A8,ইউজিসির নতুন ওয়েবসাইট উদ্বোধন,"ডাক, টেলিযোগাযোগ ও তথ্যপ্রযুক্তি প্রতিমন্ত্রী জুনাইদ আহমেদ পলক বলেছেন, একবিংশ শতাব্দীতে বর্তমান বিশ্বের সঙ্গে তাল মিলিয়ে চলতে ডায়নামিক, স্মার্ট ও ইন্ট",Yes,Nuh
শিক্ষা,bn,https://www.banglatribune.com/educations/66861/%E0%A6%AA%E0%A7%8D%E0%A6%B0%E0%A6%BE%E0%A6%95-%E0%A6%AA%E0%A7%8D%E0%A6%B0%E0%A6%BE%E0%A6%A5%E0%A6%AE%E0%A6%BF%E0%A6%95-%E0%A6%B6%E0%A6%BF%E0%A6%95%E0%A7%8D%E0%A6%B7%E0%A6%95-%E0%A6%A8%E0%A6%BF%E0%A7%9F%E0%A7%8B%E0%A6%97%E0%A7%87%E0%A6%B0-%E0%A6%AB%E0%A6%B2-%E0%A6%AA%E0%A7%8D%E0%A6%B0%E0%A6%95%E0%A6%BE%E0%A6%B6,প্রাক-প্রাথমিক শিক্ষক নিয়োগের ফল প্রকাশ,আজ রবিবার (৩ জানুয়ারি) প্রাক-প্রাথমিক শিক্ষার জন্য সহকারী শিক্ষক নিয়োগের চূড়ান্ত ফল প্রকাশ করেছে প্রাথমিক ও গণশিক্ষা অধিদফতর। এতে ১৩ হাজার ৯৭৪ জন্য প্,Yes,Nuh
শিক্ষা,bn,https://www.prothomalo.com/bangladesh/district/rkz6zecazs,এলাকাটি যেন ‘শিক্ষার হাট’,পবনাপুর ইউনিয়নে সরকারি-বেসরকারি ৪০টি শিক্ষাপ্রতিষ্ঠান রয়েছে। এর মধ্যে ১৩টিই ফকিরহাট এলাকায়। দুই কিলোমিটার দূরত্বের মধ্যে গড়ে উঠেছে ১৩টি শিক্ষাপ্রতিষ্ঠ,Yes,Nuh
শিক্ষা,bn,https://www.prothomalo.com/bangladesh/v78p0s8278,শিক্ষার মানোন্নয়নে শাসকশ্রেণির ভূমিকা নেই: অধ্যাপক রেহমান সোবহান,"সবার জন্য মানসম্মত শিক্ষা নিশ্চিত করতে বা শিক্ষার মানোন্নয়নে শাসকশ্রেণির কোনো ভূমিকা দেখছেন না অধ্যাপক রেহমান সোবহান। তিনি বলেন, যাঁরা শাসকশ্রেণির অন্",Yes,Nuh
শিক্ষা,bn,https://www.newagebd.net/post/education/277395/durga-puja-holiday-starts-for-edn-instts-today,Durga Puja holiday starts for edn instts today,"A long holiday marking Durga Puja, the largest religious festival of the Hindu community, starts today at all educational institutions, from primary t",Yes,Nuh
শিক্ষা,bn,https://www.prothomalo.com/bangladesh/district/ch4my2e972,‘ছেলে আমাকে সেরা মায়ের সম্মান দিয়ে গেল’,"‘আমার তো অনেক আশা ছিল। আমার ছেলে পড়ালেখা করে অ্যাওয়ার্ড নিয়ে আসবে। আমি সেরা মা হব। সে ইচ্ছা যে এভাবে ফলে যাবে, তা কে জানত। আমার বাবা যে এত বড় অ্যাওয়ার",No,Nuh
শিক্ষা,bn,https://www.dhakapost.com/politics/399912,"নৈতিকতাহীন শিক্ষাব্যবস্থা পশু তৈরি করছে, মানুষ নয়","দেশের শিক্ষাব্যবস্থা নিয়ে প্রশ্ন তুলে বাংলাদেশ জামায়াতে ইসলামীর সেক্রেটারি জেনারেল অধ্যাপক মিয়া গোলাম পরওয়ার বলেছেন, শুধু সেক্যুলার শিক্ষা মানুষকে নৈত",Yes,Nuh
শিক্ষা,bn,https://www.banglatribune.com/country/60371/%E0%A6%AE%E0%A7%8B%E0%A6%9F%E0%A6%B0%E0%A6%B8%E0%A6%BE%E0%A6%87%E0%A6%95%E0%A7%87%E0%A6%B2-%E0%A6%9A%E0%A6%BE%E0%A6%B2%E0%A6%BF%E0%A7%9F%E0%A7%87-%E0%A6%B8%E0%A7%8D%E0%A6%95%E0%A7%81%E0%A6%B2%E0%A7%87-%E0%A6%AF%E0%A6%BE%E0%A6%93%E0%A7%9F%E0%A6%BE%E0%A6%B0-%E0%A6%AA%E0%A6%A5%E0%A7%87-%E0%A6%9B%E0%A6%BE%E0%A6%A4%E0%A7%8D%E0%A6%B0%E0%A7%87%E0%A6%B0-%E0%A6%AE%E0%A7%83%E0%A6%A4%E0%A7%8D%E0%A6%AF%E0%A7%81,মোটরসাইকেল চালিয়ে স্কুলে যাওয়ার পথে ছাত্রের মৃত্যু,সাতক্ষীরায় মোটরসাইকেল চালাতে গিয়ে সড়ক দুর্ঘটনার শিকার হলো সাকিব হোসেন (১৪) নামের এক স্কুলছাত্র। বৃহস্পতিবার সকাল ১০টার দিকে শহরের স্টেডিয়াম ব্রিজ সংলগ,No,Nuh
শিক্ষা,bn,https://www.banglatribune.com/country/63719/%E0%A6%B2%E0%A6%95%E0%A7%8D%E0%A6%B7%E0%A7%8D%E0%A6%AE%E0%A7%80%E0%A6%AA%E0%A7%81%E0%A6%B0%E0%A7%87-%E0%A6%B8%E0%A7%8D%E0%A6%95%E0%A7%81%E0%A6%B2%E0%A6%9B%E0%A6%BE%E0%A6%A4%E0%A7%8D%E0%A6%B0%E0%A7%80%E0%A6%B0-%E0%A6%9D%E0%A7%81%E0%A6%B2%E0%A6%A8%E0%A7%8D%E0%A6%A4-%E0%A6%B2%E0%A6%BE%E0%A6%B6-%E0%A6%89%E0%A6%A6%E0%A7%8D%E0%A6%A7%E0%A6%BE%E0%A6%B0,লক্ষ্মীপুরে স্কুলছাত্রীর ঝুলন্ত লাশ উদ্ধার,লক্ষ্মীপুরে আয়শা আক্তার নুশু নামে ৪র্থ শ্রেণির এক ছাত্রীর ঝুলন্ত লাশ উদ্ধার করা হয়েছে। সোমবার রাত ১১ টার দিকে পৌর শহরের বাঞ্ছানগর এলাকার গ্রামের বাড়ি,No,Nuh
শিক্ষা,bn,https://www.prothomalo.com/bangladesh/শিক্ষাপ্রতিষ্ঠান-ধ্বংসকারীরা-সভ্যতার-শত্রু,শিক্ষাপ্রতিষ্ঠান ধ্বংসকারীরা সভ্যতার শত্রু: শিক্ষামন্ত্রী,নির্বাচন প্রতিরোধের নামে পেট্রল ও গান পাউডার দিয়ে স্কুল-কলেজ-মাদ্রাসা পুড়িয়ে দেওয়ায় তীব্র ক্ষোভ প্রকাশ করেছেন শিক্ষামন্ত্রী নুরুল ইসলাম নাহিদ।আজ শনিবা,Yes,Nuh
শিক্ষা,bn,https://www.banglatribune.com/country/63371/%E0%A6%B0%E0%A6%BE%E0%A6%9C%E0%A6%B6%E0%A6%BE%E0%A6%B9%E0%A7%80%E0%A6%A4%E0%A7%87-%E0%A6%9B%E0%A7%81%E0%A6%B0%E0%A6%BF%E0%A6%95%E0%A6%BE%E0%A6%98%E0%A6%BE%E0%A6%A4%E0%A7%87-%E0%A6%AE%E0%A7%87%E0%A6%A1%E0%A6%BF%E0%A6%95%E0%A7%8D%E0%A6%AF%E0%A6%BE%E0%A6%B2-%E0%A6%B6%E0%A6%BF%E0%A6%95%E0%A7%8D%E0%A6%B7%E0%A6%BE%E0%A6%B0%E0%A7%8D%E0%A6%A5%E0%A7%80-%E0%A6%86%E0%A6%B9%E0%A6%A4,"রাজশাহীতে ছুরিকাঘাতে মেডিক্যাল শিক্ষার্থী আহত, দোকান ভাঙচুর",রাজশাহী মহানগরীতে ছুরিকাঘাতে রাজশাহী মেডিক্যাল কলেজ (রামেক) হাসপাতালের এক শিক্ষার্থী গুরুতর আহত হয়েছেন। রবিবার বিকালে মহানগরীর বিলসিমলা বন্ধগেইট এলাকা,No,Nuh
শিক্ষা,bn,https://www.banglatribune.com/country/62401/%E0%A6%B9%E0%A6%95%E0%A6%BE%E0%A6%B0%E0%A6%A6%E0%A7%87%E0%A6%B0-%E0%A6%B8%E0%A6%99%E0%A7%8D%E0%A6%97%E0%A7%87-%E0%A6%A2%E0%A6%BE%E0%A6%95%E0%A6%BE-%E0%A6%95%E0%A6%B2%E0%A7%87%E0%A6%9C%E0%A7%87%E0%A6%B0-%E0%A6%B6%E0%A6%BF%E0%A6%95%E0%A7%8D%E0%A6%B7%E0%A6%BE%E0%A6%B0%E0%A7%8D%E0%A6%A5%E0%A7%80%E0%A6%A6%E0%A7%87%E0%A6%B0-%E0%A6%B8%E0%A6%82%E0%A6%98%E0%A6%B0%E0%A7%8D%E0%A6%B7,হকারদের সঙ্গে ঢাকা কলেজের শিক্ষার্থীদের সংঘর্ষ: আহত ৫,রাজধানীর নিউ মার্কেট এলাকায় ঢাকা কলেজের সামনে নুরজাহান মার্কেটের হকারদের সঙ্গে শিক্ষার্থীদের সংঘর্ষের অন্তত পাঁচজন আহত হয়েছেন।বৃহস্পতিবার বিকাল সোয়া ৪,No,Nuh
শিক্ষা,bn,https://www.banglatribune.com/country/64133/%E0%A6%B6%E0%A6%BF%E0%A6%95%E0%A7%8D%E0%A6%B7%E0%A6%BE%E0%A6%B0%E0%A7%8D%E0%A6%A5%E0%A7%80%E0%A6%95%E0%A7%87-%E0%A6%AA%E0%A6%BF%E0%A6%9F%E0%A6%BF%E0%A7%9F%E0%A7%87-%E0%A6%86%E0%A6%B9%E0%A6%A4-%E0%A6%95%E0%A6%B0%E0%A6%BE%E0%A7%9F-%E0%A6%85%E0%A6%AC%E0%A6%B6%E0%A7%87%E0%A6%B7%E0%A7%87-%E0%A6%AE%E0%A6%BE%E0%A6%AE%E0%A6%B2%E0%A6%BE-%E0%A6%95%E0%A6%B0%E0%A6%B2%E0%A7%8B-%E0%A6%9C%E0%A6%AC%E0%A6%BF,শিক্ষার্থীকে পিটিয়ে আহত করায় অবশেষে মামলা করলো জবি প্রশাসন,"গত ১৭ ডিসেম্বর সন্ধ্যায় জগন্নাথ বিশ্ববিদ্যালয়ের (জবি) এক শিক্ষার্থীকে তিনজন লেগুনা শ্রমিক পিটিয়ে গুরুতর আহত এবং ল্যাপটপ, মোবাইল ও টাকা ছিনতাই করার ঘটন",No,Nuh
শিক্ষা,bn,https://www.banglatribune.com/country/59331/%E0%A6%95%E0%A7%8D%E0%A6%B2%E0%A6%BE%E0%A6%B8%E0%A7%87-%E0%A6%AE%E0%A7%8C%E0%A6%AE%E0%A6%BE%E0%A6%9B%E0%A6%BF-%E0%A6%B6%E0%A6%BF%E0%A6%95%E0%A7%8D%E0%A6%B7%E0%A6%BE%E0%A6%B0%E0%A7%8D%E0%A6%A5%E0%A7%80%E0%A6%B0%E0%A6%BE-%E0%A6%AE%E0%A6%BE%E0%A6%A0%E0%A7%87,"ক্লাসে মৌমাছি, শিক্ষার্থীরা মাঠে!",ক্লাসরুমে কচি কচি শিক্ষার্থীর হৈ-হুল্লোড় যে কোনও প্রাথমিক বিদ্যালয়ের স্বাভাবিক দৃশ্য। তবে গাইবান্ধার পলাশবাড়ী উপজেলার কিশোরগাড়ী ইউনিয়নের সগুনা সর,Yes,Nuh
শিক্ষা,bn,https://www.bd-pratidin.com/national/2026/01/29/1210741,কর্মক্ষেত্র ও শিক্ষাপ্রতিষ্ঠানে যৌন হয়রানি প্রতিরোধ অধ্যাদেশ জারি,"কর্মক্ষেত্র ও শিক্ষাপ্রতিষ্ঠানে নিরাপত্তা, মর্যাদাপূর্ণ ও বৈষম্যহীন পরিবেশ নিশ্চিতে কর্মক্ষেত্র ও শিক্ষাপ্রতিষ্ঠানে যৌন হয়রানি প্রতিরোধ অধ্যাদেশ, ২০২৬",Yes,Nuh
শিক্ষা,bn,https://www.bd-pratidin.com/campus-online/2026/01/27/1209810,মাইলস্টোন স্পোর্টস ফেস্টিভ্যালে শিক্ষার্থীদের সঙ্গে ক্রিকেটার মুশফিক,গত বছরে মাইলস্টোন স্কুল অ্যান্ড কলেজে সংগঠিত ট্র্যাজেডির পর শিক্ষার্থীদের মানসিক সুস্থতা নিশ্চিত করা এবং জীবনে নতুন আনন্দময় স্মৃতির উদ্দেশ্যে মাইলস্টো,Yes,Nuh
শিক্ষা,bn,https://www.bd-pratidin.com/national/2026/01/16/1205462,দক্ষিণ এশিয়ায় উচ্চশিক্ষার রূপান্তরে ‘ঢাকা ঘোষণা’ গৃহীত,"দক্ষিণ এশিয়ায় একটি স্থিতিশীল, অন্তর্ভুক্তিমূলক, উদ্ভাবনী ও বৈশ্বিকভাবে গ্রহণযোগ্য উচ্চশিক্ষা ব্যবস্থা গড়ে তোলার লক্ষ্যে আটটি কৌশলগত অঙ্গীকার নিয়ে গৃহী",Yes,Nuh
শিক্ষা,bn,https://www.prothomalo.com/bangladesh/district/npt8pzeoa3,বিনা মূল্যে বই বিতরণে বাংলাদেশ অনন্য দৃষ্টান্ত স্থাপন করেছে: শিক্ষামন্ত্রী,"শিক্ষামন্ত্রী দীপু মনি বলেছেন, সারা দেশে আজ বই উৎসব হয়েছে। সারা পৃথিবীতে বাংলাদেশ অনন্য দৃষ্টান্ত স্থাপন করেছে, যেখানে বছরের প্রথম দিন বই উৎসব হয় এব",Yes,Nuh
শিক্ষা,bn,https://www.dhakapost.com/country/416714,সৈয়দপুর বিজ্ঞান কলেজ থেকে মেডিকেলে ভর্তির সুযোগ পেলেন ৪৫ শিক্ষার্থী,নীলফামারীর সৈয়দপুর সরকারি বিজ্ঞান কলেজ থেকে এ বছর ৪৫ জন শিক্ষার্থী মেডিকেল কলেজে ভর্তির সুযোগ পেয়েছেন। রোববার (১৪ ডিসেম্বর) রাতে কলেজের অধ্যক্ষ আবুল ক,Yes,Nuh
Prime Minister,en,https://www.tbsnews.net/economy/be-frugal-spending-development-projects-pm-106330,Be frugal in spending on development projects: PM,Prime Minister Sheikh Hasina has asked officials concerned to be economical in spending public money on development projects in order to be able to ad,Yes,Nuh
Prime Minister,en,https://www.dhakatribune.com/bangladesh/290300/pm-hasina-sends-mangoes-to-her-pakistan,PM Hasina sends mangoes to her Pakistan counterpart,"Prime minister Sheikh Hasina has sent mangoes to her Pakistani Counterpart Shahbaz Sharif as a special goodwill gesture.

Officials of the Bangladesh ",Yes,Nuh
Prime Minister,en,https://www.thedailystar.net/news/reforms-body-to-remove-anomalies-says-pm,"Reforms body to remove anomalies, says PM","Prime Minister Sheikh Hasina yesterday called upon the government officials to make united and integrated efforts for achieving rapid economic growth,",Yes,Nuh
Prime Minister,en,https://www.thedailystar.net/news/sharif-hasina-witness-match,"Sharif, Hasina witness match","As soon as Pakistan Prime Minister Nawaz Sharif arrived in the Dhaka Stadium yesterday at about 2 pm, Saeed Anwar welcomed him hitting a spectacular b",Yes,Nuh
Prime Minister,en,https://www.thedailystar.net/news/hasina-to-attend-one-asia-assembly-in-kuala-lumpur,Hasina to attend One Asia Assembly in Kuala Lumpur,Prime Minister Sheikh Hasina has been invited to attend the One Asia Assembly to be organised by the Press Foundation of Asia (PFA) in January 2001 in,Yes,Nuh
Prime Minister,en,https://www.newagebd.net/post/europe/278562/macron-seeks-new-pm-to-end-france-crisis,Macron seeks new PM to end France crisis,French president Emmanuel Macron was on Thursday racing to find a new prime minister within a two-day deadline after the resignation of outgoing premi,Yes,Nuh
Prime Minister,en,https://www.thedailystar.net/news/president-pm-greet-myanmar-leader-than-shwe,"President, PM greet Myanmar leader, Than Shwe",President Justice Shahabuddin Ahmed and Prime Minister Sheikh Hasina have felicitated Myanmar leader Gen Than Shwe on the auspicious occasion of the i,Yes,Nuh
Prime Minister,en,https://www.dhakatribune.com/bangladesh/290308/pm-hasina-to-inaugurate-new-foreign-ministry,PM Hasina to inaugurate new Foreign Ministry building Thursday,Foreign Minister Dr AK Abdul Momen on Tuesday said the newly constructed eight-storey building of his ministry will help address the growing demand fo,Yes,Nuh
Prime Minister,en,https://www.tbsnews.net/bangladesh/crime/2013-shapla-chattar-killings-ict-sets-5-april-probe-report-against-hasina-24-others,"2013 Shapla Chattar killings: ICT sets 5 April for probe report against Hasina, 24 others",The International Crimes Tribunal (ICT) has directed its investigation agency and prosecution to complete their probe and submit a report within two m,Yes,Nuh
Prime Minister,en,https://www.thedailystar.net/news/hasina-pranab-open-locomotives-from-india,"Hasina, Pranab open locomotives from India",Bangladesh Prime Minister Sheikh Hasina and visiting Indian President Pranab Mukherjee yesterday morning jointly inaugurated the commissioning of broa,Yes,Nuh
Prime Minister,en,https://www.thedailystar.net/news/pak-pm-to-make-private-india-visit,Pak PM to make 'private' India visit,"Pakistan Prime Minister Raja Pervez Ashraf will visit India for the first time this week for a day-long pilgrimage to Ajmer Sharif, officials in both ",Yes,Nuh
Prime Minister,en,https://www.banglatribune.com/country/60979/%E0%A6%B6%E0%A6%B9%E0%A7%80%E0%A6%A6-%E0%A6%AC%E0%A7%81%E0%A6%A6%E0%A7%8D%E0%A6%A7%E0%A6%BF%E0%A6%9C%E0%A7%80%E0%A6%AC%E0%A7%80%E0%A6%A6%E0%A7%87%E0%A6%B0-%E0%A6%B6%E0%A7%8D%E0%A6%B0%E0%A6%A6%E0%A7%8D%E0%A6%A7%E0%A6%BE-%E0%A6%9C%E0%A6%BE%E0%A6%A8%E0%A6%BE%E0%A6%B2%E0%A7%87%E0%A6%A8-%E0%A6%B0%E0%A6%BE%E0%A6%B7%E0%A7%8D%E0%A6%9F%E0%A7%8D%E0%A6%B0%E0%A6%AA%E0%A6%A4%E0%A6%BF-%E0%A6%93,শহীদ বুদ্ধিজীবীদের শ্রদ্ধা জানালেন রাষ্ট্রপতি ও প্রধানমন্ত্রী,মিরপুরে শহীদ বুদ্ধিজীবী স্মৃতিসৌধে শহীদদের প্রতি শ্রদ্ধা জানিয়েছেন রাষ্ট্রপতি আবদুল হামিদ ও প্রধানমন্ত্রী শেখ হাসিনা। সোমবার সকালে বধ্যভূমি স্মৃতিসৌধে,Yes,Nuh
Prime Minister,en,https://www.banglatribune.com/business/66065/%E0%A6%85%E0%A6%AC%E0%A7%8D%E0%A6%AF%E0%A6%AC%E0%A6%B9%E0%A7%83%E0%A6%B9-%E0%A6%85%E0%A6%B0%E0%A7%8D%E0%A6%A5-%E0%A6%85%E0%A6%A8%E0%A7%8D%E0%A6%AF-%E0%A6%AA%E0%A7%8D%E0%A6%B0%E0%A6%95%E0%A6%B2%E0%A7%8D%E0%A6%AA%E0%A7%87-%E0%A6%96%E0%A6%B0%E0%A6%9A-%E0%A6%95%E0%A6%B0%E0%A6%BE-%E0%A6%AF%E0%A6%BE%E0%A6%AC%E0%A7%87,অব্যবহৃহ অর্থ অন্য প্রকল্পে খরচ করা যাবে,প্রকল্প বাস্তবায়ন দ্রুত ও সহজতর করার জন্য মন্ত্রণালয়ের এক প্রকল্পের অব্যবহৃহ অর্থ প্রয়োজনে একই মন্ত্রণালয়ের অন্য প্রকল্পে খরচ করা যাবে বলে জানিয়েছেন প,No,Nuh
Prime Minister,en,https://www.bd-pratidin.com/national/2026/01/31/1211499,পানি সম্পদ মন্ত্রণালয়ের নতুন সচিব হলেন ড. এ কে এম শাহাবুদ্দিন,ড. এ কে এম শাহাবুদ্দিনকে পানি সম্পদ মন্ত্রণালয়ের নতুন সচিব হিসেবে নিয়োগ দিয়েছে সরকার। বৃহস্পতিবার জনপ্রশাসন মন্ত্রণালয়ের ঊর্ধ্বতন নিয়োগ-১ শাখার সিনিয়র,No,Nuh
Prime Minister,en,https://www.thedailystar.net/news/hasina-to-visit-pirojpur-today,Hasina to visit Pirojpur today,Prime Minster Sheikh Hasina visits Pirojpur today to inaugurate and lay the foundation of a number of development projects. She will address a public,Yes,Hasib
Prime Minister,en,https://www.banglatribune.com/country/62121/%E0%A6%9C%E0%A6%BE%E0%A6%A4%E0%A7%80%E0%A7%9F-%E0%A6%B8%E0%A7%8D%E0%A6%AE%E0%A7%83%E0%A6%A4%E0%A6%BF%E0%A6%B8%E0%A7%8C%E0%A6%A7%E0%A7%87-%E0%A6%AA%E0%A7%8D%E0%A6%B0%E0%A6%A7%E0%A6%BE%E0%A6%A8%E0%A6%AE%E0%A6%A8%E0%A7%8D%E0%A6%A4%E0%A7%8D%E0%A6%B0%E0%A7%80-%E0%A6%93-%E0%A6%B0%E0%A6%BE%E0%A6%B7%E0%A7%8D%E0%A6%9F%E0%A7%8D%E0%A6%B0%E0%A6%AA%E0%A6%A4%E0%A6%BF%E0%A6%B0,জাতীয় স্মৃতিসৌধে প্রধানমন্ত্রী ও রাষ্ট্রপতির শ্রদ্ধা,যথাযোগ্য মর্যাদায় পালিত হচ্ছে ৪৪তম মহান বিজয় দিবস। ভোরে সূর্যোদয়ের সঙ্গে সঙ্গে জাতীয় প্যারেড স্কয়ারে (পুরনো বিমানবন্দর) তোপধ্বনির মধ্য দিয়ে শুরু হয় বি,Yes,Hasib
Prime Minister,en,https://www.bd-pratidin.com/international-news/2026/01/30/1210975,চীনের সঙ্গে সম্পর্ক উন্নয়ন ‘অত্যাবশ্যক’ : ব্রিটিশ প্রধানমন্ত্রী,ব্রিটেন ও চীনের মধ্যকার সম্পর্ক উন্নয়নকে ‘অত্যাবশ্যক’ বলে মন্তব্য করেছেন যুক্তরাজ্যের প্রধানমন্ত্রী কেয়ার স্টারমার। বৃহস্পতিবার (২৯ জানুয়ারি) বেইজিংয়ে,Yes,Hasib
Prime Minister,en,https://www.prothomalo.com/bangladesh/znu91gewan,বিজয় দিবসে জাতীয় স্মৃতিসৌধে বীর শহীদদের প্রতি রাষ্ট্রপতির শ্রদ্ধা,রাষ্ট্রপতি মো. সাহাবুদ্দিন মহান বিজয় দিবস উপলক্ষে সাভারে জাতীয় স্মৃতিসৌধে পুষ্পস্তবক অর্পণের মাধ্যমে ১৯৭১ সালের মহান মুক্তিযুদ্ধের বীর শহীদদের প্রতি গ,No,Hasib
Prime Minister,en,https://www.thedailystar.net/news/chairman-proposes-minister-opposes,"Chairman proposes, minister opposes","Less than a week after the announcement that he would welcome newsmen at all meetings of the parliamentary bodies he heads, Suranjit Sengupta had to f",No,Hasib
Prime Minister,en,https://www.tbsnews.net/bangladesh/opposition-lawmakers-slam-health-minister-failure-tackle-covid-19-100156,Opposition lawmakers slam health minister for ‘failure’ to tackle Covid-19,"Some lawmakers of opposition parties in parliament have come down heavily on Health Minister Zahid Maleque, claiming that his ministry has failed to t",No,Hasib
Prime Minister,en,https://www.tbsnews.net/bangladesh/india-continues-monitor-attacks-minorities-bangladesh-indian-state-minister-external,India continues to monitor attacks on minorities in Bangladesh: Indian State minister for External Affairs,"India continues to monitor reports of incidents of attacks against minorities in Bangladesh, including on their homes, properties, businesses and plac",No,Hasib
Prime Minister,en,https://www.thedailystar.net/news/operation-clean-heart-stillunderway-home-minister,Operation Clean Heart' stillunderway: Home minister,"Home Minister Altaf Hossain Chowdhury yesterday said the 'Operation Clean Heart', an anti-crime drive by the joint forces, was still underway. ""Operat",No,Hasib
Prime Minister,en,https://www.tbsnews.net/worldbiz/china/chinas-corruption-watchdog-probing-emergency-management-minister-1349281,China's corruption watchdog probing emergency management minister,"China's minister of emergency management, Wang Xiangxi, is being investigated for suspected ""serious violations of discipline and law,"" a common euphe",No,Hasib
Prime Minister,en,https://www.thedailystar.net/news/call-to-protect-parliamentary-democracy,Call to protect parliamentary democracy,"Political Adviser to the Prime Minister Dr S A Malek urged all, especially the intellectuals, yesterday to come forward to protect parliamentary democ",Yes,Hasib
Prime Minister,en,https://www.tbsnews.net/bangladesh/foreign-diplomats-joining-guided-tour-july-mass-uprising-memorial-museum-1351241,"July Museum highlights climax of 36 days, Hasina's misrule: Foreign Adviser",Foreign Affairs Adviser Md Touhid Hossain today (3 February) said the July Mass Uprising Memorial Museum reflects the Bangladesh people's struggle aga,Yes,Hasib
Prime Minister,en,https://dailynewnation.com/three-ministries-must-unite-for-one-health-pledge-adviser-farida,Three ministries must unite for ‘One Health’ pledge: Adviser Farida,Effective implementation of the ‘One Health’ approach requires coordinated commitment at the highest level among the ministries of Health and Family W,No,Hasib
Prime Minister,en,https://dailynewnation.com/action-on-sports-ministry-graft-time-permitting-asif-nazrul,"Action on Sports Ministry graft, time permitting: Asif Nazrul",Newly appointed Youth and Sports Adviser Dr Asif Nazrul on Sunday said action will be taken against corruption or irregularities in the Youth and Spor,No,Hasib
Prime Minister,en,https://www.thedailystar.net/news/us-envoy-calls-on-law-minister,US envoy calls on law minister,"US Ambassador to Bangladesh John C Holzman called on Law and Parliamentary Affairs Minister Abdul Matin Khasru at his secretariat chamber yesterday, r",No,Hasib
Prime Minister,en,https://www.thedailystar.net/news/former-president-biswas-says,Former President Biswas says,"Former President Abdur Rahman Biswas yesterday said that during his presidency, his speeches in the Parliament were endorsed by the Prime Minister and",Yes,Hasib
Prime Minister,en,https://www.thedailystar.net/news/pm-comment-undemocratic-fakhrul,PM comment undemocratic: Fakhrul,Mirza Fakhrul Islam Alamgir BNP has termed undemocratic prime minister's comment that asked the opposition chief to go to Pakistan. Prime Minister She,Yes,Hasib
Prime Minister,en,https://www.newagebd.net/post/south%20asia/278939/canada-fm-modi-hold-meeting-in-delhi,"Canada FM, Modi hold meeting in Delhi",India prime minister Narendra Modi met with Canada foreign minister in New Delhi on Monday. ‘India-Canada bilateral relations have been steadily progr,Yes,Hasib
prison protest,en,https://www.tbsnews.net/world/first-arrest-hong-kong-after-anti-protest-law-implemented-handover-anniversary-100411,First arrest in Hong Kong after 'anti-protest law' implemented on handover anniversary,"Hong Kong officials said a man carrying a pro-independence flag is the first person to be arrested in Hong Kong after the new ""anti-protest"" law impos",Yes,Hasib
prison protest,en,https://www.newagebd.net/post/latin-america/283359/hundreds-protest-violence-against-women-in-mexico,Hundreds protest violence against women in Mexico,"Hundreds of women protested in Mexico City on Tuesday against gender-based violence, which kills an average of 10 women or girls every day in Mexico, ",Yes,Hasib
prison protest,en,https://dailynewnation.com/wiz-khalifa-sentenced-to-prison-for-drug-use,Wiz Khalifa sentenced to prison for drug use,A Romanian court has sentenced US rapper Wiz Khalifa to nine months in prison for publicly smoking marijuana on stage. The verdict was announced on Fr,No,Hasib
prison protest,en,https://www.tbsnews.net/world/south-asia-china/hong-kong-opposition-kicks-primary-elections-under-shadow-security-law-104668,Hong Kong opposition kicks off primary elections under shadow of security law,Hong Kong's opposition camp set up polling booths across the Chinese-ruled city on Saturday for primary elections aimed at selecting democracy candida,Yes,Hasib
prison protest,en,https://www.tbsnews.net/world/south-asia-china/hong-kong-man-accused-terrorism-first-use-new-china-security-law-101524,Hong Kong man accused of terrorism in first use of new China security law,"A man carrying a ""Liberate Hong Kong"" sign as he drove a motorcycle into police at a protest against the territory's Chinese rulers became on Friday t",Yes,Hasib
prison protest,en,https://www.dhakatribune.com/world/south-asia/371159/indian-court-finds-man-guilty-in-notorious,Indian court finds man guilty in notorious hospital rape case,"An Indian court on Saturday found a 33-year-old man guilty for the rape and murder of a doctor, a crime that sparked nationwide protests and hospital ",Yes,Hasib
prison protest,en,https://www.tbsnews.net/world/politics/unofficial-hong-kong-vote-sees-new-generation-take-over-battle-democracy-107026,Unofficial Hong Kong vote sees new generation take over battle for democracy,"A younger, more defiant generation of Hong Kong democrats has secured the most votes in unofficial primary elections in the Chinese-ruled city, settin",Yes,Hasib
prison protest,en,https://www.tbsnews.net/world/north-korea-denounces-uk-sanctions-organisations-accused-links-prison-camps-104806,North Korea denounces UK for sanctions on organisations accused of links to prison camps,North Korea denounced Britain on Saturday for announcing sanctions against two organisations that the British government has said are involved in forc,Yes,Hasib
prison protest,en,https://dailynewnation.com/imran-khan-wife-given-further-jail-terms-after-state-gift-fraud-case,"Imran Khan, wife given further jail terms after state gift fraud case",Former Pakistan Prime Minister Imran Khan and his wife Bushra Bibi have been sentenced to further jail terms following a fraud case involving state gi,Yes,Hasib
prison protest,en,https://www.dhakatribune.com/bangladesh/dhaka/402028/anis-alamgir-breaks-down-silently-in-the-dock,"Journalist Anis Alamgir breaks down in court, sent to prison in ACC case","Journalist Anis Alamgir broke down in tears in court on Wednesday after being shown arrested in a case filed by the Anti-Corruption Commission (ACC), ",Yes,Hasib
prison protest,en,https://www.prothomalo.com/world/middle-east/m5llvrjsyj,"বিক্ষোভকারীদের তিন দিনের মধ্যে আত্মসমর্পণের নির্দেশ ইরানের, গ্রেপ্তার ‘দাঙ্গাবাজদের’ শাস্তি দেওয়া শুরু",ইরানজুড়ে চলা বিক্ষোভের সময় গ্রেপ্তার ‘দাঙ্গাবাজদের’ কঠোর শাস্তির অঙ্গীকার ব্যক্ত করেছেন ইরানি কর্মকর্তারা। যাঁরা প্ররোচনার ফাঁদে পড়ে বিক্ষোভে যোগ দিয়ে,Yes,Hasib
prison protest,en,https://www.prothomalo.com/bangladesh/capital/cr9jkrsihw,"‘সংক্ষুব্ধ ছাত্র-জনতার’ মিছিলে পুলিশের ধাওয়া, লাঠিপেটা",‘সংক্ষুব্ধ আদিবাসী ছাত্র জনতার’ ওপর হামলার প্রতিবাদে ‘সংক্ষুব্ধ ছাত্র-জনতার’ ব্যানারে একদল বিক্ষোভকারী সচিবালয়ের দিকে যাওয়ার চেষ্টা করলে তাঁদের ধাওয়া,Yes,Hasib
prison protest,en,https://www.banglatribune.com/country/67583/%E0%A6%B0%E0%A6%BE%E0%A6%9C%E0%A6%B6%E0%A6%BE%E0%A6%B9%E0%A7%80%E0%A6%A4%E0%A7%87-%E0%A6%B6%E0%A6%BF%E0%A6%AC%E0%A6%BF%E0%A6%B0-%E0%A6%AA%E0%A7%81%E0%A6%B2%E0%A6%BF%E0%A6%B6-%E0%A6%A7%E0%A6%BE%E0%A6%93%E0%A7%9F%E0%A6%BE-%E0%A6%AA%E0%A6%BE%E0%A6%B2%E0%A7%8D%E0%A6%9F%E0%A6%BE-%E0%A6%A7%E0%A6%BE%E0%A6%93%E0%A7%9F%E0%A6%BE,রাজশাহীতে শিবির-পুলিশ ধাওয়া-পাল্টা ধাওয়া,রাজশাহী মহানগরীর তালাইমারীতে মিছিলের প্রস্তুতিকালে পুলিশের সঙ্গে ধাওয়া-পাল্টা ধাওয়ার ঘটনা ঘটেছে শিবিরকর্মীদের। জামায়াতে ইসলামীর আমির মতিউর রহমান নিজাম,Yes,Hasib
prison protest,en,https://www.prothomalo.com/bangladesh/district/ljdad0cmpg,"অনশনরত শিক্ষার্থীদের শারীরিক অবস্থার অবনতি, স্যালাইন চলছে ৭ জনের",প্রক্টরিয়াল বডির পদত্যাগসহ সাত দাবিতে তৃতীয় দিনের মতো চট্টগ্রাম বিশ্ববিদ্যালয়ে অনশন চলছে। টানা ৪৮ ঘণ্টা অনশনে সবারই শারীরিক অবস্থার অবনতি হয়েছে। দুর্ব,Yes,Hasib
prison protest,en,https://www.dhakapost.com/politics/401501,বলপ্রয়োগ করে আন্দোলন দমন স্বৈরাচারী মানসিকতার বহিঃপ্রকাশ : শিবির,মূল বেতনের ২০ শতাংশ বাড়িভাড়া ও চিকিৎসা ভাতা বৃদ্ধিসহ তিন দফা দাবিতে রোববার (১২ অক্টোবর) জাতীয় প্রেস ক্লাবের সামনে লাগাতার অবস্থান কর্মসূচি পালনরত শ,Yes,Hasib
prison protest,en,https://www.dhakapost.com/politics/395921,৭ দফা দাবিতে খেলাফত আন্দোলনের বিক্ষোভ,"জুলাই সনদের আইনি ভিত্তি প্রতিষ্ঠা, শাপলা চত্বর ও '২৪ সালের গণঅভ্যুত্থানের গণহত্যার বিচার, নির্বাচনে লেভেল প্লেয়িং ফিল্ড নিশ্চিত, বিদেশে পাচার হওয়া ট",Yes,Hasib
prison protest,en,https://www.banglatribune.com/country/58970/%E0%A6%AB%E0%A7%87%E0%A6%A8%E0%A7%80%E0%A6%A4%E0%A7%87-%E0%A6%9C%E0%A6%BE%E0%A6%AE%E0%A6%BE%E0%A7%9F%E0%A6%BE%E0%A6%A4-%E0%A6%B6%E0%A6%BF%E0%A6%AC%E0%A6%BF%E0%A6%B0%E0%A7%87%E0%A6%B0-%E0%A7%A7%E0%A7%AD-%E0%A6%95%E0%A6%B0%E0%A7%8D%E0%A6%AE%E0%A7%80-%E0%A6%86%E0%A6%9F%E0%A6%95,ফেনীতে জামায়াত-শিবিরের ১৭ কর্মী আটক,ফেনীতে নাশকতার আশঙ্কায় গত ২৪ ঘণ্টায় ১৭ জামায়াত-শিবিরকর্মীকে আটক করেছে পুলিশ। বৃহস্পতিবার রাত থেকে শহরের বিভিন্ন এলাকায় অভিযান চালিয়ে তাদের আটক করা হয়।,Yes,Hasib
prison protest,en,https://www.prothomalo.com/bangladesh/j6hh33e1f8,মানববন্ধনে দাঁড়িয়ে প্রচণ্ড গরমে জ্ঞান হারালেন চট্টগ্রাম বিশ্ববিদ্যালয়ের শিক্ষার্থী,"চট্টগ্রাম বিশ্ববিদ্যালয়ের শিক্ষার্থীদের মারধরের বিচার, প্রশাসনের জবাবদিহিসহ পাঁচ দাবিতে মানববন্ধন পালন করছিলেন একদল শিক্ষার্থী। আজ বৃহস্পতিবার দুপুর ১",Yes,Hasib
prison protest,en,https://dailynewnation.com/shahbagh-rally-gives-24hrs-to-arrest-hadis-killers,Shahbagh rally gives 24hrs to arrest Hadi’s killers,A massive protest rally demanding justice for Inqilab Mancha spokesperson Sharif Osman Bin Hadi was held at the Shahbagh intersection in the capital o,Yes,Hasib
prison protest,en,https://www.prothomalo.com/bangladesh/district/amzkvbual5,বেক্সিমকোর ১৬ কারখানা খুলে দেওয়ার দাবিতে শ্রমিকদের বিক্ষোভ,গাজীপুর মহানগরীর সারাব এলাকার বেক্সিমকো ইন্ডাস্ট্রিয়াল পার্কের বন্ধ ঘোষণা করা ১৬ কারখানা খুলে দেওয়ার দাবিতে বিক্ষোভ শুরু করেছেন শ্রমিকেরা। আজ শনিবার স,Yes,Hasib
prison protest,en,https://www.newagebd.net/post/south-asia/276377/nepal-mourns-its-dead-after-anti-corruption-protests,Nepal mourns its dead after anti-corruption protests,Nepal flew flags at half-mast during a national day of mourning Wednesday for the 73 people killed during youth-led anti-corruption protests that topp,Yes,Hasib
prison protest,en,https://www.dhakatribune.com/world/middle-east/402397/iranian-protester-erfan-released-on-bail-amid,Iranian protester Erfan released on bail amid conflicting execution claims,"Iranian protester Erfan Soltani, who was widely reported last month to have been sentenced to death over anti-government demonstrations, has been rele",Yes,Hasib
prison protest,en,https://www.newagebd.net/post/south-asia/280689/nepal-pm-holds-first-talks-since-protests-with-parties-gen-z,"Nepal PM holds first talks since protests with parties, ‘Gen Z’",Nepal’s interim leader has held the first talks between political parties and youth representatives since last month’s deadly anti-corruption protests,Yes,Hasib
prison protest,en,https://www.dhakatribune.com/feature/lifestyle/371179/the-evolution-of-graffiti-from-ancient,The evolution of graffiti: From ancient expressions to modern protest art,"Graffiti, often dismissed as mere vandalism, has a rich history that mirrors humanity's enduring desire for expression and identity.

From ancient cav",Yes,Hasib
prison protest,en,https://www.tbsnews.net/economy/four-ctg-port-employees-transferred-instigating-protest-disrupting-operations-1348976,"Four Ctg Port employees transferred for instigating protest, disrupting operations",The Chattogram Port Authority (CPA) has transferred four of its employees to Pangao Inland Container Terminal (ICT) on compulsory grounds for allegedl,Yes,Hasib
prison protest,en,https://www.dhakatribune.com/bangladesh/foreign-affairs/399243/india-no-breach-attempt-at-bangladesh-high,India: No breach attempt at Bangladesh High Commission during protest,"About demonstration in front of the Bangladesh High Commission in New Delhi on December 20, official spokesperson at the Indian Ministry of External A",Yes,Hasib
prison protest,en,https://www.tbsnews.net/world/politics/russian-activists-planning-anti-putin-protest-detained-authorities-opposition-104035,Russian activists planning anti-Putin protest detained by authorities: opposition,Two Russian activists involved in a campaign against what they say are President Vladimir Putin's illegal plans to remain in power were detained by au,Yes,Hasib
prison protest,en,https://dailynewnation.com/the-nagorik-somabesh-demands-an-urgent-solution-mitigating-the-existing-gas-crisis-of-the-dhaka-south-city-corporations-jatribari-dania-shonirakhra-rayerbag-areas-organising-a-protest-in-the-cap,"The Nagorik Somabesh demands an urgent solution mitigating the existing gas crisis of the Dhaka South City Corporation’s Jatribari, Dania, Shonirakhra, Rayerbag areas, organising a protest in the capital, on Friday.","Log in to leave a comment Chair Person and Publisher : SAJU HOSEIN, Editor: MD MOKARRAM HOSSAIN, Managing Editor: ARSHAD HOSEIN, published from The Ne",Yes,Hasib
prison protest,en,https://www.dhakatribune.com/bangladesh/237/banshkhali-residents-to-resume-protest-against,Banshkhali residents to resume protest against coal-based power plant,The residents of Gondamara union in Chittagong’s Banshkhali upazila have decided to resume their protest against the coal-fired power plant project in,Yes,Hasib
prison protest,en,https://www.thedailystar.net/news/fuel-price-hike-protested,Fuel price hike protested,"Leaders of different political, social and workers' organisations have strongly protested the fuel price hike terming it an anti-people decision of th",Yes,Hasib
prison protest,en,https://www.newagebd.net/post/country/280811/journalists-want-press-freedom-pay-hike-protection-law-in-bangladesh,"Journalists want press freedom, pay hike protection law in Bangladesh","Journalists held protest rallies across the country on Saturday to press their 39-point demand, including the implementation of the ‘No Wage Board, No",Yes,Hasib
prison protest,en,https://www.newagebd.net/post/country/280907/city-people-suffer-for-hours-due-to-road-blockade-street-protests,"City people suffer for hours due to road blockade, street protests",City dwellers suffered for at least three and a half hours until 6:00pm on Sunday as different groups staged separate street protests and a road block,Yes,Hasib
অর্থনীতি,bn,https://www.prothomalo.com/business/world-business/umhipn9vzq,অর্থনীতির চ্যালেঞ্জ নিয়ে যা বলছে বৈশ্বিক গণমাধ্যম,কোভিডের সময় থেকেই বাংলাদেশের অর্থনীতির গতি কমতে শুরু করে। এরপর রাশিয়া-ইউক্রেন যুদ্ধের জেরে তেলের দাম বেড়ে যাওয়া এবং ডলার–সংকটের কারণে অর্থনীতি আরেক দফ,Yes,Hasib
অর্থনীতি,bn,https://www.prothomalo.com/opinion/editorial/908xzptu7j,ঋণখেলাপিদের বিচারে ট্রাইব্যুনাল গঠন জরুরি,"বিগত সরকারের আমলে রাজনীতিবিদ, ব্যবসায়ী ও আমলা গোষ্ঠীর সমন্বয়ে যে স্বজনতোষী অর্থনৈতিক ব্যবস্থা গড়ে উঠেছিল, তার সবচেয়ে বড় লক্ষ্যবস্তু হয়ে উঠেছিল ব্যাংক ",Yes,Hasib
অর্থনীতি,bn,https://www.banglatribune.com/country/60427/%E0%A6%B0%E0%A6%BE%E0%A6%AC%E0%A6%BF%E0%A6%A4%E0%A7%87-%E0%A6%9B%E0%A6%BE%E0%A6%A4%E0%A7%8D%E0%A6%B0%E0%A6%B2%E0%A7%80%E0%A6%97%E0%A7%87%E0%A6%B0-%E0%A6%A6%E0%A7%81%E0%A6%87-%E0%A6%AA%E0%A6%95%E0%A7%8D%E0%A6%B7%E0%A7%87-%E0%A6%B8%E0%A6%82%E0%A6%98%E0%A6%B0%E0%A7%8D%E0%A6%B7-%E0%A6%86%E0%A6%B9%E0%A6%A4-%E0%A7%A9,"রাবিতে ছাত্রলীগের দুই পক্ষে সংঘর্ষ, আহত ৩",তুচ্ছ বিষয়কে কেন্দ্র করে রাজশাহী বিশ্ববিদ্যালয়ে (রাবি) ছাত্রলীগের দুপক্ষে সংঘর্ষের ঘটনা ঘটেছে। রবিবার বেলা সাড়ে ১১টার দিকে বিশ্ববিদ্যালয়ের মমতাজউদ্দীন,No,Hasib
অর্থনীতি,bn,https://www.prothomalo.com/business/bank/qtbie4lzs9,আইএমএফের হিসাবে রিজার্ভ ২০ বিলিয়ন ডলারের নিচে,আন্তর্জাতিক মুদ্রা তহবিলের (আইএমএফ) হিসাবপদ্ধতিতে দেশের বৈদেশিক মুদ্রার মজুত বা রিজার্ভ আবার ২০ বিলিয়ন বা ২ হাজার কোটি ডলারের নিচে নেমে গেছে। গতকাল বৃ,Yes,Hasib
অর্থনীতি,bn,https://www.bd-pratidin.com/national/2026/01/15/1204872,একনজরে আজকের বাংলাদেশ প্রতিদিন (১৫ জানুয়ারি),ত্রয়োদশ জাতীয় সংসদ নির্বাচনে ৩০০ আসনে প্রতিদ্বন্দ্বিতার জন্য ২ হাজার ৫৬৮ জন প্রার্থী মনোনয়নপত্র জমা দিয়েছেন।... নির্বাচনের দিন যতই ঘনিয়ে আসছে ততই উত্ত,No,Hasib
অর্থনীতি,bn,https://www.bd-pratidin.com/national/2026/01/22/1207759,একনজরে আজকের বাংলাদেশ প্রতিদিন (২২ জানুয়ারি),"ত্রয়োদশ সংসদ নির্বাচনে অংশ নিচ্ছে ৫১টি দল। মোট প্রতিদ্বন্দ্বী প্রার্থী ১৯৮১ জন, এর মধ্যে দলীয় ১৭৩২ জন এবং... শেষ পর্যন্ত থেকেই গেলেন বিএনপির বিদ্রোহী ",No,Hasib
অর্থনীতি,bn,https://www.dhakapost.com/politics/412889,গণমাধ্যমকে ব্যবসায়িক ও রাজনৈতিক স্বার্থের পাহারাদার বানানো হয়েছে,দেশের সাংবাদিকতা ব্যবসায়িক ও রাজনৈতিক স্বার্থের দখলে গেছে বলে মন্তব্য করেছেন জামায়াতে ইসলামের সেক্রেটারি জেনারেল মিয়া গোলাম পরওয়ার। আজ (শুক্রবার) জাতী,Yes,Hasib
অর্থনীতি,bn,https://www.bd-pratidin.com/international-news/2026/02/04/1213109,‘নিষেধাজ্ঞার কারণে ভেনেজুয়েলায় তেল উৎপাদন ব্যাহত হচ্ছে’,তেলের বিশাল মজুদ কাজে লাগানো এবং ভঙ্গুর অর্থনীতিকে পুনরুজ্জীবিত করতে বিদেশী বিনিয়োগের পাশাপাশি নিষেধাজ্ঞা প্রত্যাহারের আহ্বান জানিয়েছেন ভেনেজুয়েলার অ,Yes,Hasib
অর্থনীতি,bn,https://www.dhakapost.com/politics/407608,৭ নভেম্বর ছিল বাংলাদেশের প্রগতির টার্নিং পয়েন্ট : মির্জা ফখরুল,"বিএনপি মহাসচিব মির্জা ফখরুল ইসলাম আলমগীর বলেছেন, ১৯৭৫ সালের এই দিনে বাংলাদেশের দেশপ্রেমিক সৈনিক এবং দেশপ্রেমিক মানুষ ঐক্যবদ্ধভাবে আধিপত্যবাদের চক্রান্",Yes,Hasib
অর্থনীতি,bn,https://www.banglatribune.com/business/news/59725/%E0%A6%A4%E0%A6%BF%E0%A6%A8%E0%A6%A6%E0%A6%BF%E0%A6%A8%E0%A7%87%E0%A6%B0-%E0%A6%B8%E0%A6%AB%E0%A6%B0%E0%A7%87-%E0%A6%A2%E0%A6%BE%E0%A6%95%E0%A6%BE%E0%A7%9F-%E0%A6%95%E0%A7%8C%E0%A6%B6%E0%A6%BF%E0%A6%95-%E0%A6%AC%E0%A6%B8%E0%A7%81,তিনদিনের সফরে ঢাকায় কৌশিক বসু,বিশ্বব্যাংকের প্রধান অর্থনীতিবিদ ও জ্যেষ্ঠ ভাইস প্রেসিডেন্ট অধ্যাপক কৌশিক বসু শনিবার সকালে তিনদিনের বাংলাদেশ সফরে এসেছেন। বাংলাদেশ ব্যাংকের আমন্ত্রণে,Yes,Hasib
অর্থনীতি,bn,https://www.banglatribune.com/business/64875/%E0%A6%B8%E0%A6%82%E0%A6%B6%E0%A7%8D%E0%A6%B2%E0%A6%BF%E0%A6%B7%E0%A7%8D%E0%A6%9F%E0%A6%A6%E0%A7%87%E0%A6%B0-%E0%A6%85%E0%A6%AD%E0%A6%BF%E0%A6%AE%E0%A6%A4-%E0%A6%A8%E0%A6%BF%E0%A7%9F%E0%A7%87%E0%A6%87-%E0%A6%A8%E0%A6%A4%E0%A7%81%E0%A6%A8-%E0%A6%B6%E0%A6%BF%E0%A6%B2%E0%A7%8D%E0%A6%AA%E0%A6%A8%E0%A7%80%E0%A6%A4%E0%A6%BF,সংশ্লিষ্টদের অভিমত নিয়েই নতুন শিল্পনীতি: শিল্পমন্ত্রী,"শিল্পখাতের সঙ্গে সংশ্লিষ্ট সবার অভিমত বিবেচনায় নিয়ে নতুন শিল্পনীতি চূড়ান্ত করা হবে বলে জানিয়েছেন শিল্পমন্ত্রী আমির হোসেন আমু। তিনি বলেন, এ নীতি দেশে শ",No,Hasib
অর্থনীতি,bn,https://www.prothomalo.com/business/analysis/y1aplpqjwe,"অর্থনীতির সন্ধিক্ষণে পুঁজিবাজার কেন পিছিয়ে, করণীয় কী","গত রাজনৈতিক সরকারের আমলে দেশের অর্থনৈতিক সাফল্যের যে গল্প শুনেছি আমরা, সেটি দাঁড়িয়ে ছিল এক নড়বড়ে ভিত্তির ওপর। প্রবৃদ্ধির চটকদার শিরোনামের আড়ালে চাপা প",Yes,Hasib
অর্থনীতি,bn,https://www.banglatribune.com/lifestyle/60799/%E0%A6%86%E0%A6%9C%E0%A6%95%E0%A7%87%E0%A6%B0-%E0%A6%AC%E0%A6%BE%E0%A6%9C%E0%A6%BE%E0%A6%B0%E0%A6%A6%E0%A6%B0,আজকের বাজারদর,লাইফস্টাইল রিপোর্ট।। শীত নামতেই একটু কমে এসেছে সবজির দাম। তবে অন্যান্য নিত্য প্রয়োজনীয় দ্রব্যের দাম খুব একটা ওঠানামা করেনি। বাজারে গেলে আঁতকে ফিরতে হব,Yes,Nuh
অর্থনীতি,bn,https://www.prothomalo.com/bangladesh/district/0m6vp7msws,"‘সবজি কিনতেই জীবন শেষ, মাছ-মাংসের চিন্তা করার সাহসই পাই না’",শারীরিক প্রতিবন্ধী আবদুল হামিদের (৬৫) সংসারে তিনি আর তাঁর স্ত্রী। ছোট্ট একটি বসতভিটাই তাঁদের একমাত্র সম্বল। ভিক্ষাবৃত্তিতেই চলে সংসার। মাস শেষে হাতে আ,Yes,Nuh
অর্থনীতি,bn,https://www.dhakatribune.com/business/402480/dr-salehuddin-interim-govt-to-leave-bangladesh%E2%80%99s,Salehuddin: Interim govt to leave Bangladesh’s economy in a satisfactory position,Finance Adviser Dr Salehuddin Ahmed on Wednesday said the interim government would leave Bangladesh’s economy in a “satisfactory and stable” position,Yes,Nuh
অর্থনীতি,bn,https://www.tbsnews.net/bangladesh/politics/bnp-will-ensure-economic-democratisation-if-elected-amir-khasru-1316696,BNP will ensure economic democratisation if elected: Amir Khasru,"Economic democratisation would be implemented if the Bangladesh Nationalist Party (BNP) comes to power through people's votes, BNP Standing Committee ",Yes,Nuh
অর্থনীতি,bn,https://www.dhakapost.com/politics/401690,ক্ষমতায় এলে ১৮ মাসে এক কোটি কর্মসংস্থান গড়বে বিএনপি : আমিনুল হক,বাংলাদেশ জাতীয়তাবাদী দল (বিএনপি) ক্ষমতায় এলে ১৮ মাসের মধ্যে শিক্ষিত বেকারদের জন্য এক কোটি কর্মসংস্থানের সুযোগ সৃষ্টি করবে বলে মন্তব্য করেছেন দলের কে,No,Nuh
অর্থনীতি,bn,https://www.prothomalo.com/business/world-business/b0l417irv8,পাকিস্তান–ইরান সংঘাত অর্থনীতিতে যে প্রভাব ফেলতে পারে,"প্রতিবেশী ইরানের সঙ্গে ভূরাজনৈতিক উত্তেজনা পাকিস্তানের খুঁড়িয়ে চলা অর্থনীতিকে রীতিমতো ঝাঁকি দিয়েছে। দেশটির শেয়ারবাজার এর ফলে পড়ে গেছে, আর বড় ধাক্কা খে",Yes,Nuh
অর্থনীতি,bn,https://www.prothomalo.com/business/economics/h4gbydgy5p,৫ প্রকল্পে ১০২ কোটি ডলার দেবে এডিবি,পাঁচ প্রকল্পে ১০২ কোটি মার্কিন ডলার ঋণ দেবে এশীয় উন্নয়ন ব্যাংক (এডিবি)। বর্তমান বাজারদরে বাংলাদেশি মুদ্রায় যার পরিমাণ ১১ হাজার ২২০ কোটি টাকা। জ্বালানি,Yes,Nuh
অর্থনীতি,bn,https://www.banglatribune.com/country/62549/%E0%A6%85%E0%A6%AD%E0%A6%BF%E0%A6%AC%E0%A6%BE%E0%A6%B8%E0%A7%80-%E0%A6%B6%E0%A7%8D%E0%A6%B0%E0%A6%AE%E0%A6%BF%E0%A6%95-%E0%A6%85%E0%A6%B0%E0%A7%8D%E0%A6%A5%E0%A6%A8%E0%A7%88%E0%A6%A4%E0%A6%BF%E0%A6%95-%E0%A6%B8%E0%A6%AE%E0%A7%83%E0%A6%A6%E0%A7%8D%E0%A6%A7%E0%A6%BF%E0%A6%B0-%E0%A6%A8%E0%A7%87%E0%A6%AA%E0%A6%A5%E0%A7%8D%E0%A6%AF-%E0%A6%95%E0%A6%BE%E0%A6%B0%E0%A6%BF%E0%A6%97%E0%A6%B0,অভিবাসী শ্রমিক: অর্থনৈতিক সমৃদ্ধির নেপথ্য কারিগর,জীবন-জীবিকার তাগিদে প্রতিনিয়ত নিজ ঘরবাড়ি ছেড়ে অন্যত্র ছোটে মানুষ। স্বাচ্ছন্দ্যময় জীবনের খোঁজে সাগর-মহাসাগর পাড়ি দিয়ে একসময় পৌঁছায় অন্য কোনও দেশে। হাড়,Yes,Nuh
অর্থনীতি,bn,https://www.banglatribune.com/business/66191/%E0%A6%87%E0%A6%89%E0%A6%B0%E0%A7%8B%E0%A6%B0-%E0%A6%86%E0%A6%A6%E0%A6%B2%E0%A7%87-%E0%A6%86%E0%A6%B8%E0%A6%BF%E0%A7%9F%E0%A6%BE%E0%A6%A8-%E0%A6%85%E0%A6%B0%E0%A7%8D%E0%A6%A5%E0%A6%A8%E0%A7%88%E0%A6%A4%E0%A6%BF%E0%A6%95-%E0%A6%9C%E0%A7%8B%E0%A6%9F%E0%A7%87%E0%A6%B0-%E0%A6%AF%E0%A6%BE%E0%A6%A4%E0%A7%8D%E0%A6%B0%E0%A6%BE,ইউরোর আদলে আসিয়ান অর্থনৈতিক জোটের যাত্রা,"ইউরোর আদলে আসিয়ান অর্থনৈতিক জোটের যাত্রা শুরু হয়েছে। তবে বিশ্লেষকরা বলছেন, এ ধরনের প্রকৃত একক বাজারের বাস্তবতার জন্য আরও বহুপথ বাকি আছে।দশ সদস্য বিশিষ",Yes,Nuh
অর্থনীতি,bn,https://www.prothomalo.com/business/market/ea1aniool6,অর্থনৈতিক সংকটেও ৮৯ কোটি টাকার জমি বিক্রি,দেশের চলমান অর্থনৈতিক সংকটের মধ্যেও ৮৯ কোটি টাকার জমি বিক্রি করেছে আবাসন খাতের শীর্ষ পর্যায়ের কোম্পানি ইস্টার্ন হাউজিং। গত বছরের জুলাই থেকে ডিসেম্বরে,Yes,Nuh
অর্থনীতি,bn,https://www.prothomalo.com/business/corporate/hov67vrfir,নারায়ণগঞ্জে বিশেষ অর্থনৈতিক অঞ্চলে ওয়ান–স্টপ সার্ভিস সেন্টার চালু,নারায়ণগঞ্জের আড়াইহাজারে ‘বাংলাদেশ বিশেষ অর্থনৈতিক অঞ্চল’–এ (বিএসইজেড) আঞ্চলিক ওয়ান-স্টপ সার্ভিস সেন্টার (ওএসএসসি) চালু করেছে বাংলাদেশ অর্থনৈতিক অঞ্চল,Yes,Nuh
অর্থনীতি,bn,https://www.prothomalo.com/opinion/editorial/n00jnhfgve,রাজনীতির ঝড়ে অর্থনীতি যেন বাধাগ্রস্ত না হয়,"আজ খ্রিষ্টীয় নতুন বছর। স্বাগত ২০২৩ সাল। গতকাল যে বছরটি আমরা পার করে এলাম, তা আর ফিরে আসবে না। কিন্তু ফেলে আসা বছরটির ব্যর্থতা যেমন আমাদের আশাহত করে, ত",Yes,Nuh
অর্থনীতি,bn,https://www.banglatribune.com/business/68123/%E0%A6%B8%E0%A6%AE%E0%A7%81%E0%A6%A6%E0%A7%8D%E0%A6%B0%E0%A6%B8%E0%A6%AE%E0%A7%8D%E0%A6%AA%E0%A6%A6-%E0%A6%B0%E0%A6%95%E0%A7%8D%E0%A6%B7%E0%A6%BE%E0%A7%9F-%E0%A6%AE%E0%A6%BE%E0%A6%A8%E0%A6%AC%E0%A6%B8%E0%A6%AE%E0%A7%8D%E0%A6%AA%E0%A6%A6-%E0%A6%89%E0%A6%A8%E0%A7%8D%E0%A6%A8%E0%A7%9F%E0%A6%A8-%E0%A6%9C%E0%A6%B0%E0%A7%81%E0%A6%B0%E0%A6%BF,সমুদ্রসম্পদ রক্ষায় মানবসম্পদ উন্নয়ন জরুরি: অর্থমন্ত্রী,"সমুদ্রসম্পদ ব্যবহারে বাংলাদেশ পিছিয়ে রয়েছে বলে মন্তব্য করেছেন অর্থমন্ত্রী আবুল মাল আবদুল মুহিত। তিনি বলেন, উপকূল ও সমুদ্র অঞ্চল সুনির্দিষ্টভাবে নির্ধা",Yes,Nuh
অর্থনীতি,bn,https://www.dhakapost.com/politics/397655,দুর্নীতি-চাঁদাবাজি চিরতরে বন্ধের অঙ্গীকার জামায়াত প্রার্থী ড. হেলালের,"অতীতের সরকারগুলোর দুর্নীতি, স্বজনপ্রীতি ও লুটপাটের কারণে স্বাস্থ্যখাত ধ্বংসের মুখে পড়েছে বলে মন্তব্য করেছেন বাংলাদেশ জামায়াতে ইসলামীর কেন্দ্রীয় কর্মপর",No,Nuh
অর্থনীতি,bn,https://www.prothomalo.com/opinion/column/2qp6nomann,মূল্যস্ফীতি কমানোর মোক্ষম অস্ত্র কাজ করছে না,"যত দূর মনে পড়ে, আমরা অর্থনীতি বা ব্যবসায় প্রশাসন পাঠকালে যখনই বিশ্বব্যাংক ও আইএমএফের কথা শুনেছি, তখন থেকেই জেনেছি রপ্তানি বাড়াতে স্থানীয় মুদ্রার অবমূল",Yes,Nuh
অর্থনীতি,bn,https://www.prothomalo.com/business/world-business/100cxxc0rq,"৫ শতাংশ প্রবৃদ্ধি কীভাবে অর্জন করল চীন, শুল্ক বাধা কতটা কাজ করে","মার্কিন প্রেসিডেন্ট ডোনাল্ড ট্রাম্প ক্ষমতায় আসার পর থেকে বাণিজ্য নিয়ে যত ব্যবস্থা নিয়েছেন, তার মূল লক্ষ্য চীনের গতি রোধ করা। তা সত্ত্বেও চীনের প্রবৃদ",Yes,Nuh
অর্থনীতি,bn,https://www.bd-pratidin.com/international/2026/01/28/1210067,ইইউর সঙ্গে ঐতিহাসিক বাণিজ্য চুক্তি ভারতের,ইউরোপীয় ইউনিয়নের সঙ্গে একটি মাইলফলক বাণিজ্যিক চুক্তি চূড়ান্ত করার ঘোষণা দিয়েছেন ভারতের প্রধানমন্ত্রী নরেন্দ্র মোদি। গতকাল দিল্লিতে ভারত-ইইউ সম্মেলনের,Yes,Nuh